{"roc_auc": 0.6392448610991657, "accurarcy": 0.7171052631578947}