{"roc_auc": 0.6130552399502245, "accurarcy": 0.6134868421052632}