{"roc_auc": 0.6230742140409335, "accurarcy": 0.6258223684210527}