{"roc_auc": 0.6162403151105917, "accurarcy": 0.6167763157894737}