{"roc_auc": 0.6287458710131586, "accurarcy": 0.6241776315789473}