{"roc_auc": 0.6265064158141148, "accurarcy": 0.6208881578947368}