{"roc_auc": 0.6339911539137845, "accurarcy": 0.6348684210526315}