{"roc_auc": 0.6397492007145872, "accurarcy": 0.731359649122807}