{"roc_auc": 0.635644046475768, "accurarcy": 0.6365131578947368}