{"roc_auc": 0.6313369794769048, "accurarcy": 0.6266447368421053}