{"roc_auc_extra trees_GS_twitter": 0.6198060810682855, "accurarcy_extra trees_GS_twitter": 0.6192434210526315, "roc_auc_extra trees_GS_all_data": 0.657859644282454, "accurarcy_extra trees_GS_all_data": 0.6547433903576982, "roc_auc_extra trees_GS_non_twitter": 0.5160256410256411, "accurarcy_extra trees_GS_non_twitter": 0.52, "roc_auc_random forest_GS_non_twitter": 0.5726495726495726, "accurarcy_random forest_GS_non_twitter": 0.5733333333333334, "roc_auc_support vector machine_GS_non_twitter": 0.6207264957264957, "accurarcy_support vector machine_GS_non_twitter": 0.6266666666666667, "roc_auc_neural net_GS_non_twitter": 0.5993589743589745, "accurarcy_neural net_GS_non_twitter": 0.6, "roc_auc_logistic regression_GS_non_twitter": 0.6239316239316239, "accurarcy_logistic regression_GS_non_twitter": 0.6266666666666667, "roc_auc_random forest_GS_twitter": 0.6430855510376339, "accurarcy_random forest_GS_twitter": 0.6439144736842105, "roc_auc_support vector machine_GS_twitter": 0.6428555969472918, "accurarcy_support vector machine_GS_twitter": 0.6439144736842105, "roc_auc_neural net_GS_twitter": 0.6180394925860095, "accurarcy_neural net_GS_twitter": 0.6175986842105263, "roc_auc_logistic regression_GS_twitter": 0.6265383252308334, "accurarcy_logistic regression_GS_twitter": 0.6266447368421053, "roc_auc_random forest_GS_all_data": 0.6555834682581748, "accurarcy_random forest_GS_all_data": 0.6524105754276828, "roc_auc_support vector machine_GS_all_data": 0.6575268700098985, "accurarcy_support vector machine_GS_all_data": 0.6539657853810265, "roc_auc_neural net_GS_all_data": 0.6536170748294381, "accurarcy_neural net_GS_all_data": 0.6500777604976672, "roc_auc_logistic regression_GS_all_data": 0.6046230212031665, "accurarcy_logistic regression_GS_all_data": 0.6065318818040435, "roc_auc_logistic regression_GS_all_data_FS": 0.5526070729719205, "accurarcy_logistic regression_GS_all_data_FS": 0.5505443234836703}