{"roc_auc": 0.6300455830436488, "accurarcy": 0.6307565789473685}