{"roc_auc": 0.6414473684210527, "accurarcy": 0.6414473684210527}